home,score,away,year
France,4_1,Mexico,1930
Argentina,1_0,France,1930
Chile,3_0,Mexico,1930
Chile,1_0,France,1930
Argentina,6_3,Mexico,1930
Argentina,3_1,Chile,1930
Yugoslavia,2_1,Brazil,1930
Yugoslavia,4_0,Bolivia,1930
Brazil,4_0,Bolivia,1930
Romania,3_1,Peru,1930
Uruguay,1_0,Peru,1930
Uruguay,4_0,Romania,1930
United States,3_0,Belgium,1930
United States,3_0,Paraguay,1930
Paraguay,1_0,Belgium,1930
Argentina,6_1,United States,1930
Uruguay,6_1,Yugoslavia,1930
Uruguay,4_2,Argentina,1930
Spain,3_1,Brazil,1934
Hungary,4_2,Egypt,1934
Switzerland,3_2,Netherlands,1934
Italy,7_1,United States,1934
Czechoslovakia,2_1,Romania,1934
Sweden,3_2,Argentina,1934
Austria,3_2 (a.e.t.),France,1934
Germany,5_2,Belgium,1934
Austria,2_1,Hungary,1934
Italy,1_1 (a.e.t.),Spain,1934
Germany,2_1,Sweden,1934
Czechoslovakia,3_2,Switzerland,1934
Italy,1_0,Spain,1934
Italy,1_0,Austria,1934
Czechoslovakia,3_1,Germany,1934
Germany,3_2,Austria,1934
Italy,2_1 (a.e.t.),Czechoslovakia,1934
Switzerland,1_1 (a.e.t.),Germany,1938
Hungary,6_0,Dutch East Indies,1938
Sweden,w/o[a],Austria,1938
Cuba,3_3 (a.e.t.),Romania,1938
France,3_1,Belgium,1938
Italy,2_1 (a.e.t.),Norway,1938
Brazil,6_5 (a.e.t.),Poland,1938
Czechoslovakia,3_0 (a.e.t.),Netherlands,1938
Switzerland,4_2,Germany,1938
Cuba,2_1,Romania,1938
Hungary,2_0,Switzerland,1938
Sweden,8_0,Cuba,1938
Italy,3_1,France,1938
Brazil,1_1 (a.e.t.),Czechoslovakia,1938
Brazil,2_1,Czechoslovakia,1938
Hungary,5_1,Sweden,1938
Italy,2_1,Brazil,1938
Brazil,4_2,Sweden,1938
Italy,4_2,Hungary,1938
Brazil,4_0,Mexico,1950
Yugoslavia,3_0,Switzerland,1950
Brazil,2_2,Switzerland,1950
Yugoslavia,4_1,Mexico,1950
Brazil,2_0,Yugoslavia,1950
Switzerland,2_1,Mexico,1950
England,2_0,Chile,1950
Spain,3_1,United States,1950
Spain,2_0,Chile,1950
United States,1_0,England,1950
Spain,1_0,England,1950
Chile,5_2,United States,1950
Sweden,3_2,Italy,1950
Sweden,2_2,Paraguay,1950
Italy,2_0,Paraguay,1950
Uruguay,8_0,Bolivia,1950
Uruguay,2_2,Spain,1950
Brazil,7_1,Sweden,1950
Brazil,6_1,Spain,1950
Uruguay,3_2,Sweden,1950
Sweden,3_1,Spain,1950
Uruguay,2_1,Brazil,1950
Brazil,5_0,Mexico,1954
Yugoslavia,1_0,France,1954
Brazil,1_1 (a.e.t.),Yugoslavia,1954
France,3_2,Mexico,1954
West Germany,4_1,Turkey,1954
Hungary,9_0,South Korea,1954
Hungary,8_3,West Germany,1954
Turkey,7_0,South Korea,1954
West Germany,7_2,Turkey,1954
Uruguay,2_0,Czechoslovakia,1954
Austria,1_0,Scotland,1954
Uruguay,7_0,Scotland,1954
Austria,5_0,Czechoslovakia,1954
Switzerland,2_1,Italy,1954
England,4_4 (a.e.t.),Belgium,1954
Italy,4_1,Belgium,1954
England,2_0,Switzerland,1954
Switzerland,4_1,Italy,1954
Austria,7_5,Switzerland,1954
Uruguay,4_2,England,1954
West Germany,2_0,Yugoslavia,1954
Hungary,4_2,Brazil,1954
West Germany,6_1,Austria,1954
Hungary,4_2 (a.e.t.),Uruguay,1954
Austria,3_1,Uruguay,1954
West Germany,3_2,Hungary,1954
Argentina,1_3,West Germany,1958
Northern Ireland,1_0,Czechoslovakia,1958
West Germany,2_2,Czechoslovakia,1958
Argentina,3_1,Northern Ireland,1958
West Germany,2_2,Northern Ireland,1958
Czechoslovakia,6_1,Argentina,1958
Northern Ireland,2_1 (a.e.t.),Czechoslovakia,1958
France,7_3,Paraguay,1958
Yugoslavia,1_1,Scotland,1958
Yugoslavia,3_2,France,1958
Paraguay,3_2,Scotland,1958
France,2_1,Scotland,1958
Paraguay,3_3,Yugoslavia,1958
Sweden,3_0,Mexico,1958
Hungary,1_1,Wales,1958
Mexico,1_1,Wales,1958
Sweden,2_1,Hungary,1958
Sweden,0_0,Wales,1958
Hungary,4_0,Mexico,1958
Wales,2_1,Hungary,1958
Brazil,3_0,Austria,1958
Soviet Union,2_2,England,1958
Brazil,0_0,England,1958
Soviet Union,2_0,Austria,1958
England,2_2,Austria,1958
Brazil,2_0,Soviet Union,1958
Soviet Union,1_0,England,1958
Brazil,1_0,Wales,1958
France,4_0,Northern Ireland,1958
Sweden,2_0,Soviet Union,1958
West Germany,1_0,Yugoslavia,1958
Brazil,5_2,France,1958
Sweden,3_1,West Germany,1958
France,6_3,West Germany,1958
Brazil,5_2,Sweden,1958
Uruguay,2_1,Colombia,1962
Soviet Union,2_0,Yugoslavia,1962
Yugoslavia,3_1,Uruguay,1962
Soviet Union,4_4,Colombia,1962
Soviet Union,2_1,Uruguay,1962
Yugoslavia,5_0,Colombia,1962
Chile,3_1,Switzerland,1962
West Germany,0_0,Italy,1962
Chile,2_0,Italy,1962
West Germany,2_1,Switzerland,1962
West Germany,2_0,Chile,1962
Italy,3_0,Switzerland,1962
Brazil,2_0,Mexico,1962
Czechoslovakia,1_0,Spain,1962
Brazil,0_0,Czechoslovakia,1962
Spain,1_0,Mexico,1962
Brazil,2_1,Spain,1962
Mexico,3_1,Czechoslovakia,1962
Argentina,1_0,Bulgaria,1962
Hungary,2_1,England,1962
England,3_1,Argentina,1962
Hungary,6_1,Bulgaria,1962
Hungary,0_0,Argentina,1962
England,0_0,Bulgaria,1962
Chile,2_1,Soviet Union,1962
Czechoslovakia,1_0,Hungary,1962
Brazil,3_1,England,1962
Yugoslavia,1_0,West Germany,1962
Czechoslovakia,3_1,Yugoslavia,1962
Brazil,4_2,Chile,1962
Chile,1_0,Yugoslavia,1962
Brazil,3_1,Czechoslovakia,1962
England,0_0,Uruguay,1966
France,1_1,Mexico,1966
Uruguay,2_1,France,1966
England,2_0,Mexico,1966
Mexico,0_0,Uruguay,1966
England,2_0,France,1966
West Germany,5_0,Switzerland,1966
Argentina,2_1,Spain,1966
Spain,2_1,Switzerland,1966
Argentina,0_0,West Germany,1966
Argentina,2_0,Switzerland,1966
West Germany,2_1,Spain,1966
Brazil,2_0,Bulgaria,1966
Portugal,3_1,Hungary,1966
Hungary,3_1,Brazil,1966
Portugal,3_0,Bulgaria,1966
Portugal,3_1,Brazil,1966
Hungary,3_1,Bulgaria,1966
Soviet Union,3_0,North Korea,1966
Italy,2_0,Chile,1966
Chile,1_1,North Korea,1966
Soviet Union,1_0,Italy,1966
North Korea,1_0,Italy,1966
Soviet Union,2_1,Chile,1966
England,1_0,Argentina,1966
West Germany,4_0,Uruguay,1966
Soviet Union,2_1,Hungary,1966
Portugal,5_3,North Korea,1966
West Germany,2_1,Soviet Union,1966
England,2_1,Portugal,1966
Portugal,2_1,Soviet Union,1966
England,4_2 (a.e.t.),West Germany,1966
Mexico,0_0,Soviet Union,1970
Belgium,3_0,El Salvador,1970
Soviet Union,4_1,Belgium,1970
Mexico,4_0,El Salvador,1970
Soviet Union,2_0,El Salvador,1970
Mexico,1_0,Belgium,1970
Uruguay,2_0,Israel,1970
Italy,1_0,Sweden,1970
Uruguay,0_0,Italy,1970
Sweden,1_1,Israel,1970
Sweden,1_0,Uruguay,1970
Italy,0_0,Israel,1970
England,1_0,Romania,1970
Brazil,4_1,Czechoslovakia,1970
Romania,2_1,Czechoslovakia,1970
Brazil,1_0,England,1970
Brazil,3_2,Romania,1970
England,1_0,Czechoslovakia,1970
Peru,3_2,Bulgaria,1970
West Germany,2_1,Morocco,1970
Peru,3_0,Morocco,1970
West Germany,5_2,Bulgaria,1970
West Germany,3_1,Peru,1970
Bulgaria,1_1,Morocco,1970
Soviet Union,0_1 (a.e.t.),Uruguay,1970
Italy,4_1,Mexico,1970
Brazil,4_2,Peru,1970
West Germany,3_2 (a.e.t.),England,1970
Uruguay,1_3,Brazil,1970
Italy,4_3 (a.e.t.),West Germany,1970
Uruguay,0_1,West Germany,1970
Brazil,4_1,Italy,1970
West Germany,1_0,Chile,1974
East Germany,2_0,Australia,1974
Australia,0_3,West Germany,1974
Chile,1_1,East Germany,1974
Australia,0_0,Chile,1974
East Germany,1_0,West Germany,1974
Brazil,0_0,Yugoslavia,1974
Zaire,0_2,Scotland,1974
Yugoslavia,9_0,Zaire,1974
Scotland,0_0,Brazil,1974
Scotland,1_1,Yugoslavia,1974
Zaire,0_3,Brazil,1974
Uruguay,0_2,Netherlands,1974
Sweden,0_0,Bulgaria,1974
Bulgaria,1_1,Uruguay,1974
Netherlands,0_0,Sweden,1974
Bulgaria,1_4,Netherlands,1974
Sweden,3_0,Uruguay,1974
Italy,3_1,Haiti,1974
Poland,3_2,Argentina,1974
Argentina,1_1,Italy,1974
Haiti,0_7,Poland,1974
Argentina,4_1,Haiti,1974
Poland,2_1,Italy,1974
Netherlands,4_0,Argentina,1974
Brazil,1_0,East Germany,1974
Argentina,1_2,Brazil,1974
East Germany,0_2,Netherlands,1974
Argentina,1_1,East Germany,1974
Netherlands,2_0,Brazil,1974
Yugoslavia,0_2,West Germany,1974
Sweden,0_1,Poland,1974
Poland,2_1,Yugoslavia,1974
West Germany,4_2,Sweden,1974
Poland,0_1,West Germany,1974
Sweden,2_1,Yugoslavia,1974
Brazil,0_1,Poland,1974
Netherlands,1_2,West Germany,1974
Italy,2_1,France,1978
Argentina,2_1,Hungary,1978
Italy,3_1,Hungary,1978
Argentina,2_1,France,1978
France,3_1,Hungary,1978
Argentina,0_1,Italy,1978
West Germany,0_0,Poland,1978
Tunisia,3_1,Mexico,1978
West Germany,6_0,Mexico,1978
Poland,1_0,Tunisia,1978
West Germany,0_0,Tunisia,1978
Poland,3_1,Mexico,1978
Austria,2_1,Spain,1978
Brazil,1_1,Sweden,1978
Austria,1_0,Sweden,1978
Brazil,0_0,Spain,1978
Spain,1_0,Sweden,1978
Brazil,1_0,Austria,1978
Peru,3_1,Scotland,1978
Netherlands,3_0,Iran,1978
Scotland,1_1,Iran,1978
Netherlands,0_0,Peru,1978
Peru,4_1,Iran,1978
Scotland,3_2,Netherlands,1978
Austria,1_5,Netherlands,1978
Italy,0_0,West Germany,1978
Netherlands,2_2,West Germany,1978
Italy,1_0,Austria,1978
Austria,3_2,West Germany,1978
Italy,1_2,Netherlands,1978
Brazil,3_0,Peru,1978
Argentina,2_0,Poland,1978
Peru,0_1,Poland,1978
Argentina,0_0,Brazil,1978
Brazil,3_1,Poland,1978
Argentina,6_0,Peru,1978
Brazil,2_1,Italy,1978
Argentina,3_1 (a.e.t.),Netherlands,1978
Italy,0_0,Poland,1982
Peru,0_0,Cameroon,1982
Italy,1_1,Peru,1982
Poland,0_0,Cameroon,1982
Poland,5_1,Peru,1982
Italy,1_1,Cameroon,1982
West Germany,1_2,Algeria,1982
Chile,0_1,Austria,1982
West Germany,4_1,Chile,1982
Algeria,0_2,Austria,1982
Algeria,3_2,Chile,1982
West Germany,1_0,Austria,1982
Argentina,0_1,Belgium,1982
Hungary,10_1,El Salvador,1982
Argentina,4_1,Hungary,1982
Belgium,1_0,El Salvador,1982
Belgium,1_1,Hungary,1982
Argentina,2_0,El Salvador,1982
England,3_1,France,1982
Czechoslovakia,1_1,Kuwait,1982
England,2_0,Czechoslovakia,1982
France,4_1,Kuwait,1982
France,1_1,Czechoslovakia,1982
England,1_0,Kuwait,1982
Spain,1_1,Honduras,1982
Yugoslavia,0_0,Northern Ireland,1982
Spain,2_1,Yugoslavia,1982
Honduras,1_1,Northern Ireland,1982
Honduras,0_1,Yugoslavia,1982
Spain,0_1,Northern Ireland,1982
Brazil,2_1,Soviet Union,1982
Scotland,5_2,New Zealand,1982
Brazil,4_1,Scotland,1982
Soviet Union,3_0,New Zealand,1982
Soviet Union,2_2,Scotland,1982
Brazil,4_0,New Zealand,1982
Poland,3_0,Belgium,1982
Belgium,0_1,Soviet Union,1982
Soviet Union,0_0,Poland,1982
West Germany,0_0,England,1982
West Germany,2_1,Spain,1982
Spain,0_0,England,1982
Italy,2_1,Argentina,1982
Argentina,1_3,Brazil,1982
Italy,3_2,Brazil,1982
Austria,0_1,France,1982
Austria,2_2,Northern Ireland,1982
France,4_1,Northern Ireland,1982
Poland,0_2,Italy,1982
West Germany,3_3 (a.e.t.),France,1982
Poland,3_2,France,1982
Italy,3_1,West Germany,1982
Bulgaria,1_1,Italy,1986
Argentina,3_1,South Korea,1986
Italy,1_1,Argentina,1986
South Korea,1_1,Bulgaria,1986
South Korea,2_3,Italy,1986
Argentina,2_0,Bulgaria,1986
Belgium,1_2,Mexico,1986
Paraguay,1_0,Iraq,1986
Mexico,1_1,Paraguay,1986
Iraq,1_2,Belgium,1986
Paraguay,2_2,Belgium,1986
Iraq,0_1,Mexico,1986
Canada,0_1,France,1986
Soviet Union,6_0,Hungary,1986
France,1_1,Soviet Union,1986
Hungary,2_0,Canada,1986
Hungary,0_3,France,1986
Soviet Union,2_0,Canada,1986
Spain,0_1,Brazil,1986
Algeria,1_1,Northern Ireland,1986
Brazil,1_0,Algeria,1986
Northern Ireland,1_2,Spain,1986
Northern Ireland,0_3,Brazil,1986
Algeria,0_3,Spain,1986
Uruguay,1_1,West Germany,1986
Scotland,0_1,Denmark,1986
West Germany,2_1,Scotland,1986
Denmark,6_1,Uruguay,1986
Denmark,2_0,West Germany,1986
Scotland,0_0,Uruguay,1986
Morocco,0_0,Poland,1986
Portugal,1_0,England,1986
England,0_0,Morocco,1986
Poland,1_0,Portugal,1986
England,3_0,Poland,1986
Portugal,1_3,Morocco,1986
Mexico,2_0,Bulgaria,1986
Soviet Union,3_4 (a.e.t.),Belgium,1986
Brazil,4_0,Poland,1986
Argentina,1_0,Uruguay,1986
Italy,0_2,France,1986
Morocco,0_1,West Germany,1986
England,3_0,Paraguay,1986
Denmark,1_5,Spain,1986
Brazil,1_1 (a.e.t.),France,1986
West Germany,0_0 (a.e.t.),Mexico,1986
Argentina,2_1,England,1986
Spain,1_1 (a.e.t.),Belgium,1986
France,0_2,West Germany,1986
Argentina,2_0,Belgium,1986
Belgium,2_4 (a.e.t.),France,1986
Argentina,3_2,West Germany,1986
Italy,1_0,Austria,1990
United States,1_5,Czechoslovakia,1990
Italy,1_0,United States,1990
Austria,0_1,Czechoslovakia,1990
Italy,2_0,Czechoslovakia,1990
Austria,2_1,United States,1990
Argentina,0_1,Cameroon,1990
Soviet Union,0_2,Romania,1990
Argentina,2_0,Soviet Union,1990
Cameroon,2_1,Romania,1990
Argentina,1_1,Romania,1990
Cameroon,0_4,Soviet Union,1990
Brazil,2_1,Sweden,1990
Costa Rica,1_0,Scotland,1990
Brazil,1_0,Costa Rica,1990
Sweden,1_2,Scotland,1990
Brazil,1_0,Scotland,1990
Sweden,1_2,Costa Rica,1990
United Arab Emirates,0_2,Colombia,1990
West Germany,4_1,Yugoslavia,1990
Yugoslavia,1_0,Colombia,1990
West Germany,5_1,United Arab Emirates,1990
West Germany,1_1,Colombia,1990
Yugoslavia,4_1,United Arab Emirates,1990
Belgium,2_0,South Korea,1990
Uruguay,0_0,Spain,1990
Belgium,3_1,Uruguay,1990
South Korea,1_3,Spain,1990
Belgium,1_2,Spain,1990
South Korea,0_1,Uruguay,1990
England,1_1,Republic of Ireland,1990
Netherlands,1_1,Egypt,1990
England,0_0,Netherlands,1990
Republic of Ireland,0_0,Egypt,1990
England,1_0,Egypt,1990
Republic of Ireland,1_1,Netherlands,1990
Cameroon,2_1 (a.e.t.),Colombia,1990
Czechoslovakia,4_1,Costa Rica,1990
Brazil,0_1,Argentina,1990
West Germany,2_1,Netherlands,1990
Republic of Ireland,0_0 (a.e.t.),Romania,1990
Italy,2_0,Uruguay,1990
Spain,1_2 (a.e.t.),Yugoslavia,1990
England,1_0 (a.e.t.),Belgium,1990
Argentina,0_0 (a.e.t.),Yugoslavia,1990
Republic of Ireland,0_1,Italy,1990
Czechoslovakia,0_1,West Germany,1990
Cameroon,2_3 (a.e.t.),England,1990
Argentina,1_1 (a.e.t.),Italy,1990
West Germany,1_1 (a.e.t.),England,1990
Italy,2_1,England,1990
West Germany,1_0,Argentina,1990
United States,1_1,Switzerland,1994
Colombia,1_3,Romania,1994
Romania,1_4,Switzerland,1994
United States,2_1,Colombia,1994
Switzerland,0_2,Colombia,1994
United States,0_1,Romania,1994
Cameroon,2_2,Sweden,1994
Brazil,2_0,Russia,1994
Brazil,3_0,Cameroon,1994
Sweden,3_1,Russia,1994
Russia,6_1,Cameroon,1994
Brazil,1_1,Sweden,1994
Germany,1_0,Bolivia,1994
Spain,2_2,South Korea,1994
Germany,1_1,Spain,1994
South Korea,0_0,Bolivia,1994
Bolivia,1_3,Spain,1994
Germany,3_2,South Korea,1994
Argentina,4_0,Greece,1994
Nigeria,3_0,Bulgaria,1994
Argentina,2_1,Nigeria,1994
Bulgaria,4_0,Greece,1994
Argentina,0_2,Bulgaria,1994
Greece,0_2,Nigeria,1994
Italy,0_1,Republic of Ireland,1994
Norway,1_0,Mexico,1994
Italy,1_0,Norway,1994
Mexico,2_1,Republic of Ireland,1994
Italy,1_1,Mexico,1994
Republic of Ireland,0_0,Norway,1994
Belgium,1_0,Morocco,1994
Netherlands,2_1,Saudi Arabia,1994
Belgium,1_0,Netherlands,1994
Saudi Arabia,2_1,Morocco,1994
Belgium,0_1,Saudi Arabia,1994
Morocco,1_2,Netherlands,1994
Germany,3_2,Belgium,1994
Spain,3_0,Switzerland,1994
Saudi Arabia,1_3,Sweden,1994
Romania,3_2,Argentina,1994
Netherlands,2_0,Republic of Ireland,1994
Brazil,1_0,United States,1994
Nigeria,1_2 (a.e.t.),Italy,1994
Mexico,1_1 (a.e.t.),Bulgaria,1994
Italy,2_1,Spain,1994
Netherlands,2_3,Brazil,1994
Bulgaria,2_1,Germany,1994
Romania,2_2 (a.e.t.),Sweden,1994
Bulgaria,1_2,Italy,1994
Sweden,0_1,Brazil,1994
Sweden,4_0,Bulgaria,1994
Brazil,0_0 (a.e.t.),Italy,1994
Brazil,2_1,Scotland,1998
Morocco,2_2,Norway,1998
Scotland,1_1,Norway,1998
Brazil,3_0,Morocco,1998
Scotland,0_3,Morocco,1998
Brazil,1_2,Norway,1998
Italy,2_2,Chile,1998
Cameroon,1_1,Austria,1998
Chile,1_1,Austria,1998
Italy,3_0,Cameroon,1998
Italy,2_1,Austria,1998
Chile,1_1,Cameroon,1998
Saudi Arabia,0_1,Denmark,1998
France,3_0,South Africa,1998
South Africa,1_1,Denmark,1998
France,4_0,Saudi Arabia,1998
France,2_1,Denmark,1998
South Africa,2_2,Saudi Arabia,1998
Paraguay,0_0,Bulgaria,1998
Spain,2_3,Nigeria,1998
Nigeria,1_0,Bulgaria,1998
Spain,0_0,Paraguay,1998
Nigeria,1_3,Paraguay,1998
Spain,6_1,Bulgaria,1998
South Korea,1_3,Mexico,1998
Netherlands,0_0,Belgium,1998
Belgium,2_2,Mexico,1998
Netherlands,5_0,South Korea,1998
Netherlands,2_2,Mexico,1998
Belgium,1_1,South Korea,1998
FR Yugoslavia,1_0,Iran,1998
Germany,2_0,United States,1998
Germany,2_2,FR Yugoslavia,1998
United States,1_2,Iran,1998
Germany,2_0,Iran,1998
United States,0_1,FR Yugoslavia,1998
England,2_0,Tunisia,1998
Romania,1_0,Colombia,1998
Colombia,1_0,Tunisia,1998
Romania,2_1,England,1998
Colombia,0_2,England,1998
Romania,1_1,Tunisia,1998
Argentina,1_0,Japan,1998
Jamaica,1_3,Croatia,1998
Japan,0_1,Croatia,1998
Argentina,5_0,Jamaica,1998
Argentina,1_0,Croatia,1998
Japan,1_2,Jamaica,1998
Italy,1_0,Norway,1998
Brazil,4_1,Chile,1998
France,1_0 (a.e.t.),Paraguay,1998
Nigeria,1_4,Denmark,1998
Germany,2_1,Mexico,1998
Netherlands,2_1,FR Yugoslavia,1998
Romania,0_1,Croatia,1998
Argentina,2_2 (a.e.t.),England,1998
Italy,0_0 (a.e.t.),France,1998
Brazil,3_2,Denmark,1998
Netherlands,2_1,Argentina,1998
Germany,0_3,Croatia,1998
Brazil,1_1 (a.e.t.),Netherlands,1998
France,2_1,Croatia,1998
Netherlands,1_2,Croatia,1998
Brazil,0_3,France,1998
France,0_1,Senegal,2002
Uruguay,1_2,Denmark,2002
Denmark,1_1,Senegal,2002
France,0_0,Uruguay,2002
Denmark,2_0,France,2002
Senegal,3_3,Uruguay,2002
Paraguay,2_2,South Africa,2002
Spain,3_1,Slovenia,2002
Spain,3_1,Paraguay,2002
South Africa,1_0,Slovenia,2002
South Africa,2_3,Spain,2002
Slovenia,1_3,Paraguay,2002
Brazil,2_1,Turkey,2002
China,0_2,Costa Rica,2002
Brazil,4_0,China,2002
Costa Rica,1_1,Turkey,2002
Costa Rica,2_5,Brazil,2002
Turkey,3_0,China,2002
South Korea,2_0,Poland,2002
United States,3_2,Portugal,2002
South Korea,1_1,United States,2002
Portugal,4_0,Poland,2002
Portugal,0_1,South Korea,2002
Poland,3_1,United States,2002
Republic of Ireland,1_1,Cameroon,2002
Germany,8_0,Saudi Arabia,2002
Germany,1_1,Republic of Ireland,2002
Cameroon,1_0,Saudi Arabia,2002
Cameroon,0_2,Germany,2002
Saudi Arabia,0_3,Republic of Ireland,2002
Argentina,1_0,Nigeria,2002
England,1_1,Sweden,2002
Sweden,2_1,Nigeria,2002
Argentina,0_1,England,2002
Sweden,1_1,Argentina,2002
Nigeria,0_0,England,2002
Croatia,0_1,Mexico,2002
Italy,2_0,Ecuador,2002
Italy,1_2,Croatia,2002
Mexico,2_1,Ecuador,2002
Mexico,1_1,Italy,2002
Ecuador,1_0,Croatia,2002
Japan,2_2,Belgium,2002
Russia,2_0,Tunisia,2002
Japan,1_0,Russia,2002
Tunisia,1_1,Belgium,2002
Tunisia,0_2,Japan,2002
Belgium,3_2,Russia,2002
Germany,1_0,Paraguay,2002
Denmark,0_3,England,2002
Sweden,1_2 (a.e.t.),Senegal,2002
Spain,1_1 (a.e.t.),Republic of Ireland,2002
Mexico,0_2,United States,2002
Brazil,2_0,Belgium,2002
Japan,0_1,Turkey,2002
South Korea,2_1 (a.e.t.),Italy,2002
England,1_2,Brazil,2002
Germany,1_0,United States,2002
Spain,0_0 (a.e.t.),South Korea,2002
Senegal,0_1 (a.e.t.),Turkey,2002
Germany,1_0,South Korea,2002
Brazil,1_0,Turkey,2002
South Korea,2_3,Turkey,2002
Germany,0_2,Brazil,2002
Germany,4_2,Costa Rica,2006
Poland,0_2,Ecuador,2006
Germany,1_0,Poland,2006
Ecuador,3_0,Costa Rica,2006
Ecuador,0_3,Germany,2006
Costa Rica,1_2,Poland,2006
England,1_0,Paraguay,2006
Trinidad and Tobago,0_0,Sweden,2006
England,2_0,Trinidad and Tobago,2006
Sweden,1_0,Paraguay,2006
Sweden,2_2,England,2006
Paraguay,2_0,Trinidad and Tobago,2006
Argentina,2_1,Ivory Coast,2006
Serbia and Montenegro,0_1,Netherlands,2006
Argentina,6_0,Serbia and Montenegro,2006
Netherlands,2_1,Ivory Coast,2006
Netherlands,0_0,Argentina,2006
Ivory Coast,3_2,Serbia and Montenegro,2006
Mexico,3_1,Iran,2006
Angola,0_1,Portugal,2006
Mexico,0_0,Angola,2006
Portugal,2_0,Iran,2006
Portugal,2_1,Mexico,2006
Iran,1_1,Angola,2006
United States,0_3,Czech Republic,2006
Italy,2_0,Ghana,2006
Czech Republic,0_2,Ghana,2006
Italy,1_1,United States,2006
Czech Republic,0_2,Italy,2006
Ghana,2_1,United States,2006
Australia,3_1,Japan,2006
Brazil,1_0,Croatia,2006
Japan,0_0,Croatia,2006
Brazil,2_0,Australia,2006
Japan,1_4,Brazil,2006
Croatia,2_2,Australia,2006
South Korea,2_1,Togo,2006
France,0_0,Switzerland,2006
France,1_1,South Korea,2006
Togo,0_2,Switzerland,2006
Togo,0_2,France,2006
Switzerland,2_0,South Korea,2006
Spain,4_0,Ukraine,2006
Tunisia,2_2,Saudi Arabia,2006
Saudi Arabia,0_4,Ukraine,2006
Spain,3_1,Tunisia,2006
Saudi Arabia,0_1,Spain,2006
Ukraine,1_0,Tunisia,2006
Germany,2_0,Sweden,2006
Argentina,2_1 (a.e.t.),Mexico,2006
England,1_0,Ecuador,2006
Portugal,1_0,Netherlands,2006
Italy,1_0,Australia,2006
Switzerland,0_0 (a.e.t.),Ukraine,2006
Brazil,3_0,Ghana,2006
Spain,1_3,France,2006
Germany,1_1 (a.e.t.),Argentina,2006
Italy,3_0,Ukraine,2006
England,0_0 (a.e.t.),Portugal,2006
Brazil,0_1,France,2006
Germany,0_2 (a.e.t.),Italy,2006
Portugal,0_1,France,2006
Germany,3_1,Portugal,2006
Italy,1_1 (a.e.t.),France,2006
South Africa,1_1,Mexico,2010
Uruguay,0_0,France,2010
South Africa,0_3,Uruguay,2010
France,0_2,Mexico,2010
Mexico,0_1,Uruguay,2010
France,1_2,South Africa,2010
South Korea,2_0,Greece,2010
Argentina,1_0,Nigeria,2010
Argentina,4_1,South Korea,2010
Greece,2_1,Nigeria,2010
Nigeria,2_2,South Korea,2010
Greece,0_2,Argentina,2010
England,1_1,United States,2010
Algeria,0_1,Slovenia,2010
Slovenia,2_2,United States,2010
England,0_0,Algeria,2010
Slovenia,0_1,England,2010
United States,1_0,Algeria,2010
Serbia,0_1,Ghana,2010
Germany,4_0,Australia,2010
Germany,0_1,Serbia,2010
Ghana,1_1,Australia,2010
Ghana,0_1,Germany,2010
Australia,2_1,Serbia,2010
Netherlands,2_0,Denmark,2010
Japan,1_0,Cameroon,2010
Netherlands,1_0,Japan,2010
Cameroon,1_2,Denmark,2010
Denmark,1_3,Japan,2010
Cameroon,1_2,Netherlands,2010
Italy,1_1,Paraguay,2010
New Zealand,1_1,Slovakia,2010
Slovakia,0_2,Paraguay,2010
Italy,1_1,New Zealand,2010
Slovakia,3_2,Italy,2010
Paraguay,0_0,New Zealand,2010
Ivory Coast,0_0,Portugal,2010
Brazil,2_1,North Korea,2010
Brazil,3_1,Ivory Coast,2010
Portugal,7_0,North Korea,2010
Portugal,0_0,Brazil,2010
North Korea,0_3,Ivory Coast,2010
Honduras,0_1,Chile,2010
Spain,0_1,Switzerland,2010
Chile,1_0,Switzerland,2010
Spain,2_0,Honduras,2010
Chile,1_2,Spain,2010
Switzerland,0_0,Honduras,2010
Uruguay,2_1,South Korea,2010
United States,1_2 (a.e.t.),Ghana,2010
Germany,4_1,England,2010
Argentina,3_1,Mexico,2010
Netherlands,2_1,Slovakia,2010
Brazil,3_0,Chile,2010
Paraguay,0_0 (a.e.t.),Japan,2010
Spain,1_0,Portugal,2010
Netherlands,2_1,Brazil,2010
Uruguay,1_1 (a.e.t.),Ghana,2010
Argentina,0_4,Germany,2010
Paraguay,0_1,Spain,2010
Uruguay,2_3,Netherlands,2010
Germany,0_1,Spain,2010
Uruguay,2_3,Germany,2010
Netherlands,0_1 (a.e.t.),Spain,2010
Brazil,3_1,Croatia,2014
Mexico,1_0,Cameroon,2014
Brazil,0_0,Mexico,2014
Cameroon,0_4,Croatia,2014
Cameroon,1_4,Brazil,2014
Croatia,1_3,Mexico,2014
Spain,1_5,Netherlands,2014
Chile,3_1,Australia,2014
Australia,2_3,Netherlands,2014
Spain,0_2,Chile,2014
Australia,0_3,Spain,2014
Netherlands,2_0,Chile,2014
Colombia,3_0,Greece,2014
Ivory Coast,2_1,Japan,2014
Colombia,2_1,Ivory Coast,2014
Japan,0_0,Greece,2014
Japan,1_4,Colombia,2014
Greece,2_1,Ivory Coast,2014
Uruguay,1_3,Costa Rica,2014
England,1_2,Italy,2014
Uruguay,2_1,England,2014
Italy,0_1,Costa Rica,2014
Italy,0_1,Uruguay,2014
Costa Rica,0_0,England,2014
Switzerland,2_1,Ecuador,2014
France,3_0,Honduras,2014
Switzerland,2_5,France,2014
Honduras,1_2,Ecuador,2014
Honduras,0_3,Switzerland,2014
Ecuador,0_0,France,2014
Argentina,2_1,Bosnia and Herzegovina,2014
Iran,0_0,Nigeria,2014
Argentina,1_0,Iran,2014
Nigeria,1_0,Bosnia and Herzegovina,2014
Nigeria,2_3,Argentina,2014
Bosnia and Herzegovina,3_1,Iran,2014
Germany,4_0,Portugal,2014
Ghana,1_2,United States,2014
Germany,2_2,Ghana,2014
United States,2_2,Portugal,2014
United States,0_1,Germany,2014
Portugal,2_1,Ghana,2014
Belgium,2_1,Algeria,2014
Russia,1_1,South Korea,2014
Belgium,1_0,Russia,2014
South Korea,2_4,Algeria,2014
South Korea,0_1,Belgium,2014
Algeria,1_1,Russia,2014
Brazil,1_1 (a.e.t.),Chile,2014
Colombia,2_0,Uruguay,2014
Netherlands,2_1,Mexico,2014
Costa Rica,1_1 (a.e.t.),Greece,2014
France,2_0,Nigeria,2014
Germany,2_1 (a.e.t.),Algeria,2014
Argentina,1_0 (a.e.t.),Switzerland,2014
Belgium,2_1 (a.e.t.),United States,2014
France,0_1,Germany,2014
Brazil,2_1,Colombia,2014
Argentina,1_0,Belgium,2014
Netherlands,0_0 (a.e.t.),Costa Rica,2014
Brazil,1_7,Germany,2014
Netherlands,0_0 (a.e.t.),Argentina,2014
Brazil,0_3,Netherlands,2014
Germany,1_0 (a.e.t.),Argentina,2014
Russia,5_0,Saudi Arabia,2018
Egypt,0_1,Uruguay,2018
Russia,3_1,Egypt,2018
Uruguay,1_0,Saudi Arabia,2018
Uruguay,3_0,Russia,2018
Saudi Arabia,2_1,Egypt,2018
Morocco,0_1,Iran,2018
Portugal,3_3,Spain,2018
Portugal,1_0,Morocco,2018
Iran,0_1,Spain,2018
Iran,1_1,Portugal,2018
Spain,2_2,Morocco,2018
France,2_1,Australia,2018
Peru,0_1,Denmark,2018
Denmark,1_1,Australia,2018
France,1_0,Peru,2018
Denmark,0_0,France,2018
Australia,0_2,Peru,2018
Argentina,1_1,Iceland,2018
Croatia,2_0,Nigeria,2018
Argentina,0_3,Croatia,2018
Nigeria,2_0,Iceland,2018
Nigeria,1_2,Argentina,2018
Iceland,1_2,Croatia,2018
Costa Rica,0_1,Serbia,2018
Brazil,1_1,Switzerland,2018
Brazil,2_0,Costa Rica,2018
Serbia,1_2,Switzerland,2018
Serbia,0_2,Brazil,2018
Switzerland,2_2,Costa Rica,2018
Germany,0_1,Mexico,2018
Sweden,1_0,South Korea,2018
South Korea,1_2,Mexico,2018
Germany,2_1,Sweden,2018
South Korea,2_0,Germany,2018
Mexico,0_3,Sweden,2018
Belgium,3_0,Panama,2018
Tunisia,1_2,England,2018
Belgium,5_2,Tunisia,2018
England,6_1,Panama,2018
England,0_1,Belgium,2018
Panama,1_2,Tunisia,2018
Colombia,1_2,Japan,2018
Poland,1_2,Senegal,2018
Japan,2_2,Senegal,2018
Poland,0_3,Colombia,2018
Japan,0_1,Poland,2018
Senegal,0_1,Colombia,2018
France,4_3,Argentina,2018
Uruguay,2_1,Portugal,2018
Spain,1_1 (a.e.t.),Russia,2018
Croatia,1_1 (a.e.t.),Denmark,2018
Brazil,2_0,Mexico,2018
Belgium,3_2,Japan,2018
Sweden,1_0,Switzerland,2018
Colombia,1_1 (a.e.t.),England,2018
Uruguay,0_2,France,2018
Brazil,1_2,Belgium,2018
Sweden,0_2,England,2018
Russia,2_2 (a.e.t.),Croatia,2018
France,1_0,Belgium,2018
Croatia,2_1 (a.e.t.),England,2018
Belgium,2_0,England,2018
France,4_2,Croatia,2018
